<?xml version="1.0" encoding="UTF-8"?>
<project-private xmlns="http://www.netbeans.org/ns/project-private/1">
    <editor-bookmarks xmlns="http://www.netbeans.org/ns/editor-bookmarks/2" lastBookmarkId="0"/>
    <open-files xmlns="http://www.netbeans.org/ns/projectui-open-files/2">
        <group>
            <file>file:/C:/Users/Alunos/Desktop/Estrutura%20de%20dados/TratamentoErros/src/Classes/EnumServicos.java</file>
            <file>file:/C:/Users/Alunos/Desktop/Estrutura%20de%20dados/TratamentoErros/src/Classes/Equipamento.java</file>
            <file>file:/C:/Users/Alunos/Desktop/Estrutura%20de%20dados/TratamentoErros/src/Classes/Serializador.java</file>
            <file>file:/C:/Users/Alunos/Desktop/Estrutura%20de%20dados/TratamentoErros/src/Classes/Componente.java</file>
            <file>file:/C:/Users/Alunos/Desktop/Estrutura%20de%20dados/TratamentoErros/src/Classes/FormatoIdInvalido.java</file>
            <file>file:/C:/Users/Alunos/Desktop/Estrutura%20de%20dados/TratamentoErros/src/Classes/Controle.java</file>
            <file>file:/C:/Users/Alunos/Desktop/Estrutura%20de%20dados/TratamentoErros/src/tratamentoerros/TratamentoErros.java</file>
            <file>file:/C:/Users/Alunos/Desktop/Estrutura%20de%20dados/TratamentoErros/src/GUI/TelaInicial.java</file>
        </group>
    </open-files>
</project-private>
